# index,uuid_len,uuid,perm,max_len,cur_len,value
0,16,0x2800,0x01,2,2,A002
1,16,0x2803,0x01,1,1,02
2,16,0xC300,0x01,1,1,30
3,16,0x2901,0x11,1,1,30
4,16,0x2803,0x01,1,1,02
5,16,0xC301,0x01,512,512,
6,16,0x2901,0x11,512,512,
7,16,0x2803,0x01,1,1,08
8,16,0xC302,0x10,1,1,30
9,16,0x2901,0x01,1,1,01
10,16,0x2803,0x01,1,1,04
11,16,0xC303,0x10,1,1,30
12,16,0x2901,0x10,1,1,30
13,16,0x2803,0x01,1,1,08
14,16,0xC304,0x10,512,512,
15,16,0x2803,0x01,1,1,10
16,16,0xC305,0x01,1,1,00
17,16,0x2902,0x11,2,2,0000
18,16,0x2803,0x01,1,1,20
19,16,0xC306,0x01,1,1,00
20,16,0x2902,0x11,2,2,0000
21,16,0x2803,0x01,1,1,02
22,16,0xC307,0x01,1,1,30
23,16,0x2901,0x11,256,1,30
24,16,0x2800,0x01,2,2,A003
25,16,0x2803,0x01,1,1,02
26,16,0xC400,0x01,1,1,30
27,16,0x2901,0x11,1,1,30
28,16,0x2803,0x01,1,1,02
29,16,0xC401,0x01,1,1,30
30,16,0x2901,0x11,256,1,30
# Battery Service (0x180F)
31,16,0x2800,0x01,2,2,180F
# Battery Level (0x2A19): READ | NOTIFY (0x12), initial value 0x21 = 33%; C6 adds the CCCD automatically.
32,16,0x2803,0x01,1,1,12
33,16,0x2A19,0x01,1,1,21
# Device Information Service (0x180A)
# Generic placeholders - update at runtime via AT+BLEGATTSSETATTR (max 32 bytes each).
34,16,0x2800,0x01,2,2,180A
# Manufacturer Name String (0x2A29): READ, generic "Generic"
35,16,0x2803,0x01,1,1,02
36,16,0x2A29,0x01,32,7,47656E65726963
# Model Number String (0x2A24): READ, generic "Generic"
37,16,0x2803,0x01,1,1,02
38,16,0x2A24,0x01,32,7,47656E65726963
# Firmware Revision String (0x2A26): READ, generic "v0.0.0"
39,16,0x2803,0x01,1,1,02
40,16,0x2A26,0x01,32,6,76302E302E30
